City,Hospital Name
Tadepalligudem,Aasara Hospital
Tadepalligudem,Vivekananda Hospital
Tadepalligudem,Sree Ram Hospital
Tadepalligudem,Satya Hospital
Tadepalligudem,Sri Krishna Hospital
Tadpatri,Raghavendra Hospital
Tadpatri,Sri Venkateswara Hospital
Tadpatri,Aditya Hospital
Tadpatri,Sri Krishna Hospital
Tadpatri,Kalyani Hospital
Tanuku,Vasishta Hospital
Tanuku,Sai Krishna Super Speciality Hospital
Tanuku,Sri Venkateswara Hospital
Tanuku,Gowthami Hospital
Tanuku,Viswas Hospitals
Tenali,Tenali General Hospital
Tenali,Sree Krishna Hospital
Tenali,St. Joseph Hospital
Tenali,Sanjeevani Hospital
Tenali,Vishnu Hospital
Tirupati,Sri Venkateswara Institute of Medical Sciences
Tirupati,Tirupati Medical College Hospital
Tirupati,Sri Padmavathi Hospital
Tirupati,KIMS Hospital
Tirupati,Arogyam Hospital
Uravakonda,Uravakonda General Hospital
Uravakonda,GVR Hospital
Uravakonda,Venkateswara Hospital
Uravakonda,Sai Sree Hospital
Uravakonda,Raghavendra Hospital
Vijayawada,Andhra Hospitals
Vijayawada,NRI Medical College Hospital
Vijayawada,Care Hospital
Vijayawada,Kamineni Hospital
Vijayawada,Sri Venkateswara Institute of Medical Sciences
Vinukonda,Vinukonda General Hospital
Vinukonda,Krishna Hospital
Vinukonda,Sai Hospitals
Vinukonda,Vishwa Hospital
Vinukonda,Anuradha Hospital
Visakhapatnam,Visakha Hospital
Visakhapatnam,KGH Hospital
Visakhapatnam,GITAM Institute of Medical Sciences
Visakhapatnam,Apollo Hospital
Visakhapatnam,Care Hospital
Vizianagaram,Vizianagaram General Hospital
Vizianagaram,Sri Venkateswara Hospital
Vizianagaram,Muni Hospital
Vizianagaram,Vamsi Hospital
Vizianagaram,Bhuvana Hospital
Kovvur,Kovvur General Hospital
Kovvur,Sadhana Hospital
Kovvur,Sri Devi Hospital
Kovvur,Sai Krishna Hospital
Kovvur,Ram Hospital
Kurnool,Kurnool Medical College Hospital
Kurnool,BIMS Hospital
Kurnool,Dhanvantari Hospital
Kurnool,Sai Vishwa Hospital
Kurnool,Sri Chaitanya Hospital
Macherla,Macherla Hospital
Macherla,Neelima Hospital
Macherla,KIMS Hospital
Macherla,Raghavendra Hospital
Macherla,Sreeram Hospital
Machilipatnam,Krishna District Hospital
Machilipatnam,Apollo Hospital
Machilipatnam,Raghavendra Hospital
Machilipatnam,Satyam Hospital
Machilipatnam,Sai Hospitals
Madanapalle,Madanapalle General Hospital
Madanapalle,Sri Srinivasa Hospital
Madanapalle,Aasara Hospital
Madanapalle,Raghavendra Hospital
Madanapalle,Sri Venkateswara Hospital
Mandapeta,Mandapeta Hospital
Mandapeta,Sri Ram Hospital
Mandapeta,Sree Krishna Hospital
Mandapeta,Neelima Hospital
Mandapeta,Anuradha Hospital
Mangalagiri,Mangalagiri Hospital
Mangalagiri,Sree Venkateswara Hospital
Mangalagiri,Raghavendra Hospital
Mangalagiri,Sai Krishna Hospital
Mangalagiri,Vasishta Hospital
Markapur,Markapur General Hospital
Markapur,Sri Ram Hospital
Markapur,Anuradha Hospital
Markapur,Venkateswara Hospital
Markapur,Sai Hospitals
Nagari,Nagari Hospital
Nagari,Sri Ram Hospital
Nagari,Sai Krishna Hospital
Nagari,Aasara Hospital
Nagari,Raghavendra Hospital
Nandyala,Nandyala General Hospital
Nandyala,Sri Venkateswara Hospital
Nandyala,Aasara Hospital
Nandyala,Raghavendra Hospital
Nandyala,Sai Hospital
Narasaraopet,Narasaraopet General Hospital
Narasaraopet,Venkateswara Hospital
Narasaraopet,Sri Ram Hospital
Narasaraopet,Aasara Hospital
Narasaraopet,Raghavendra Hospital
Narsipatnam,Narsipatnam General Hospital
Narsipatnam,Sai Krishna Hospital
Narsipatnam,Aasara Hospital
Narsipatnam,Raghavendra Hospital
Narsipatnam,Vasishta Hospital
Nellore,Nellore General Hospital
Nellore,Sri Venkateswara Hospital
Nellore,Aasara Hospital
Nellore,Raghavendra Hospital
Nellore,Vikas Hospital
Nidadavole,Nidadavole General Hospital
Nidadavole,Sai Hospitals
Nidadavole,Aasara Hospital
Nidadavole,Raghavendra Hospital
Nidadavole,Vasishta Hospital
Nuzvid,Nuzvid General Hospital
Nuzvid,Raghavendra Hospital
Nuzvid,Sai Krishna Hospital
Nuzvid,Aasara Hospital
Nuzvid,Vasishta Hospital
Ongole,Ongole General Hospital
Ongole,Raghavendra Hospital
Ongole,Sai Krishna Hospital
Ongole,Aasara Hospital
Ongole,Vasishta Hospital
Palakollu,Palakollu General Hospital
Palakollu,Sai Krishna Hospital
Palakollu,Aasara Hospital
Palakollu,Raghavendra Hospital
Palakollu,Vasishta Hospital
Palasa,Palasa General Hospital
Palasa,Sai Krishna Hospital
Palasa,Aasara Hospital
Palasa,Raghavendra Hospital
Palasa,Vasishta Hospital
Peddapuram,Peddapuram General Hospital
Peddapuram,Sai Krishna Hospital
Peddapuram,Aasara Hospital
Peddapuram,Raghavendra Hospital
Peddapuram,Vasishta Hospital
Pithapuram,Pithapuram General Hospital
Pithapuram,Sai Krishna Hospital
Pithapuram,Aasara Hospital
Pithapuram,Raghavendra Hospital
Pithapuram,Vasishta Hospital
Proddatur,Proddatur General Hospital
Proddatur,Sai Krishna Hospital
Proddatur,Aasara Hospital
Proddatur,Raghavendra Hospital
Proddatur,Vasishta Hospital
Punganur,Punganur General Hospital
Punganur,Sai Krishna Hospital
Punganur,Aasara Hospital
Punganur,Raghavendra Hospital
Punganur,Vasishta Hospital
Puttur,Puttur General Hospital
Puttur,Sai Krishna Hospital
Puttur,Aasara Hospital
Puttur,Raghavendra Hospital
Puttur,Vasishta Hospital
Rajahmundry,Rajahmundry General Hospital
Rajahmundry,Sai Krishna Hospital
Rajahmundry,Aasara Hospital
Rajahmundry,Raghavendra Hospital
Rajahmundry,Vasishta Hospital
Rajampet,Rajampet General Hospital
Rajampet,Sai Krishna Hospital
Rajampet,Aasara Hospital
Rajampet,Raghavendra Hospital
Rajampet,Vasishta Hospital
Ramachandrapuram,Ramachandrapuram General Hospital
Ramachandrapuram,Sai Krishna Hospital
Ramachandrapuram,Aasara Hospital
Ramachandrapuram,Raghavendra Hospital
Ramachandrapuram,Vasishta Hospital
Rayachoti,Rayachoti General Hospital
Rayachoti,Sai Krishna Hospital
Rayachoti,Aasara Hospital
Rayachoti,Raghavendra Hospital
Rayachoti,Vasishta Hospital
Repalle,Repalle General Hospital
Repalle,Sai Krishna Hospital
Repalle,Aasara Hospital
Repalle,Raghavendra Hospital
Repalle,Vasishta Hospital
Salur,Salur General Hospital
Salur,Sai Krishna Hospital
Salur,Aasara Hospital
Salur,Raghavendra Hospital
Salur,Vasishta Hospital
Sattenapalle,Sattenapalle General Hospital
Sattenapalle,Sai Krishna Hospital
Sattenapalle,Aasara Hospital
Sattenapalle,Raghavendra Hospital
Sattenapalle,Vasishta Hospital
Srikakulam,Srikakulam General Hospital
Srikakulam,Sai Krishna Hospital
Srikakulam,Aasara Hospital
Srikakulam,Raghavendra Hospital
Srikakulam,Vasishta Hospital
Adoni,Adoni General Hospital
Adoni,Sai Krishna Hospital
Adoni,Aasara Hospital
Adoni,Raghavendra Hospital
Adoni,Vasishta Hospital
Amalapuram,Amalapuram General Hospital
Amalapuram,Sai Krishna Hospital
Amalapuram,Aasara Hospital
Amalapuram,Raghavendra Hospital
Amalapuram,Vasishta Hospital
Anakapalle,Anakapalle General Hospital
Anakapalle,Sai Krishna Hospital
Anakapalle,Aasara Hospital
Anakapalle,Raghavendra Hospital
Anakapalle,Vasishta Hospital
Anantapur,Anantapur General Hospital
Anantapur,Sai Krishna Hospital
Anantapur,Aasara Hospital
Anantapur,Raghavendra Hospital
Anantapur,Vasishta Hospital
Badvel,Badvel General Hospital
Badvel,Sai Krishna Hospital
Badvel,Aasara Hospital
Badvel,Raghavendra Hospital
Badvel,Vasishta Hospital
Bobbili,Bobbili General Hospital
Bobbili,Sai Krishna Hospital
Bobbili,Aasara Hospital
Bobbili,Raghavendra Hospital
Bobbili,Vasishta Hospital
Bapatla,Bapatla General Hospital
Bapatla,Sai Krishna Hospital
Bapatla,Aasara Hospital
Bapatla,Raghavendra Hospital
Bapatla,Vasishta Hospital
Bheemunipatnam,Bheemunipatnam General Hospital
Bheemunipatnam,Sai Krishna Hospital
Bheemunipatnam,Aasara Hospital
Bheemunipatnam,Raghavendra Hospital
Bheemunipatnam,Vasishta Hospital
Bhimavaram,Bhimavaram General Hospital
Bhimavaram,Sai Krishna Hospital
Bhimavaram,Aasara Hospital
Bhimavaram,Raghavendra Hospital
Bhimavaram,Vasishta Hospital
Cherlopalle,Cherlopalle General Hospital
Cherlopalle,Sai Krishna Hospital
Cherlopalle,Aasara Hospital
Cherlopalle,Raghavendra Hospital
Cherlopalle,Vasishta Hospital
Chintapalle,Chintapalle General Hospital
Chintapalle,Sai Krishna Hospital
Chintapalle,Aasara Hospital
Chintapalle,Raghavendra Hospital
Chintapalle,Vasishta Hospital
Chirala,Chirala General Hospital
Chirala,Sai Krishna Hospital
Chirala,Aasara Hospital
Chirala,Raghavendra Hospital
Chirala,Vasishta Hospital
Chittoor,Chittoor General Hospital
Chittoor,Sai Krishna Hospital
Chittoor,Aasara Hospital
Chittoor,Raghavendra Hospital
Chittoor,Vasishta Hospital
Chodavaram,Chodavaram General Hospital
Chodavaram,Sai Krishna Hospital
Chodavaram,Aasara Hospital
Chodavaram,Raghavendra Hospital
Chodavaram,Vasishta Hospital
Cumbum,Cumbum General Hospital
Cumbum,Sai Krishna Hospital
Cumbum,Aasara Hospital
Cumbum,Raghavendra Hospital
Cumbum,Vasishta Hospital
Dhone,Dhone General Hospital
Dhone,Sai Krishna Hospital
Dhone,Aasara Hospital
Dhone,Raghavendra Hospital
Dhone,Vasishta Hospital
Eluru,Eluru General Hospital
Eluru,Sai Krishna Hospital
Eluru,Aasara Hospital
Eluru,Raghavendra Hospital
Eluru,Vasishta Hospital
Gopalapuram,Gopalapuram General Hospital
Gopalapuram,Sai Krishna Hospital
Gopalapuram,Aasara Hospital
Gopalapuram,Raghavendra Hospital
Gopalapuram,Vasishta Hospital
Gudur,Gudur General Hospital
Gudur,Sai Krishna Hospital
Gudur,Aasara Hospital
Gudur,Raghavendra Hospital
Gudur,Vasishta Hospital
Guntakal,Guntakal General Hospital
Guntakal,Sai Krishna Hospital
Guntakal,Aasara Hospital
Guntakal,Raghavendra Hospital
Guntakal,Vasishta Hospital
Guntur,Guntur General Hospital
Guntur,Sai Krishna Hospital
Guntur,Aasara Hospital
Guntur,Raghavendra Hospital
Guntur,Vasishta Hospital
Hindupur,Hindupur General Hospital
Hindupur,Sai Krishna Hospital
Hindupur,Aasara Hospital
Hindupur,Raghavendra Hospital
Hindupur,Vasishta Hospital
Jammalamadugu,Jammalamadugu General Hospital
Jammalamadugu,Sai Krishna Hospital
Jammalamadugu,Aasara Hospital
Jammalamadugu,Raghavendra Hospital
Jammalamadugu,Vasishta Hospital
Kadapa,Kadapa General Hospital
Kadapa,Sai Krishna Hospital
Kadapa,Aasara Hospital
Kadapa,Raghavendra Hospital
Kadapa,Vasishta Hospital
Kadiri,Kadiri General Hospital
Kadiri,Sai Krishna Hospital
