City,Hotel Name
Guntur,Hotel V Royal Park
Guntur,The Capital Hotel
Vijayawada,Hotel Park Iris
Vijayawada,Hotel DV Manor
Tirupati,Hotel Bliss
Tirupati,Fortune Select Grand Ridge
Visakhapatnam,Novotel Visakhapatnam
Visakhapatnam,Dolphin Hotel
Guntur,Geetha Regency
Guntur,Hotel Siddhartha
Guntur,Hotel Swagatam
Guntur,Hotel Vajra
Guntur,The Taj Gateway 
Guntur,Hotel Sindoori
Guntur,Hotel Ilapuram
Guntur,Hotel Akshaya
Vijayawada,"Hotel Midcity , "
Vijayawada,Hotel Southern Grand 
Vijayawada,Fortune Murali Park 
Vijayawada,The Gateway Hotel
Vijayawada,Novotel Vijayawada Varun
Vijayawada,Minerva Grand
Vijayawada,Haritha Berm Park
Vijayawada, Treebo Trend  
Tirupathi,Hotel Bliss
Tirupathi,Fortune Select Grand Ridge
Tirupathi,Minerva Grand
Tirupathi,Pai Viceroy
Tirupathi,Sri Sai Residency
Tirupathi,Marasa Sarovar Premiere
Tirupathi,Kences Hotel
Tirupathi,Renigunta Residency
Tirupathi,Hotel Harsha Residency
Tirupathi,Bhimas Deluxe Hotel
Visakhapatnam,Novotel Visakhapatnam
Visakhapatnam,Dolphin Hotel
Visakhapatnam,The Gateway Hotel
Visakhapatnam,Hotel Daspalla
Visakhapatnam,Green Park Hotel
Visakhapatnam,Fairfield by Marriott
Visakhapatnam,Hotel Akshaya
Visakhapatnam,Best Western Ramachandra
Visakhapatnam,The Park Visakhapatnam
Visakhapatnam,Fortune Inn Sree Kanya
Tadepalligudem,Hotel SSR Residency
Tadepalligudem,Hotel Sri Kanya
Tadepalligudem,Manjeera Hotel
Tadepalligudem,Hotel Bhavani Residency
Tadepalligudem,Hotel Vijaya Residency
Tadepalligudem,Hotel Rajahamsa
Tadepalligudem,Hotel Grand
Tadepalligudem,Ravi Teja Residency
Tadepalligudem,Hotel Sai Leela Residency
Tadepalligudem,Anjaneya Residency
Tadipatri,Hotel Nandi
Tadipatri,Hotel Anand
Tadipatri,Sri Sai Lodge
Tadipatri,Manasa Residency
Tadipatri,Hotel Sai Priya
Tadipatri,Hotel Vasantha
Tadipatri,Sri Harsha Lodge
Tadipatri,Hotel Sindhu
Tadipatri,Hotel Niharika
Tadipatri,Swagath Residency
Tanuku,Hotel Yesh Park
Tanuku,Hotel Vasishta Inn
Tanuku,Hotel Sri Kanya
Tanuku,Hotel Blue Moon
Tanuku,Hotel Green Land
Tanuku,Hotel Navayuga
Tanuku,Hotel Ratnam Residency
Tanuku,Hotel Chaitanya Residency
Tanuku,Sai Priya Residency
Tanuku,Hotel Palavelli
Tenali,Hotel Sai International
Tenali,Hotel Venkateswara Residency
Tenali,Sri Lakshmi Residency
Tenali,Hotel Radha Krishna
Tenali,Hotel Grand Residency
Tenali,Hotel Prasanth Residency
Tenali,Hotel Krishna Residency
Tenali,Raghavendra Residency
Tenali,Hotel Swagath Residency
Tenali,Sri Sai Lodge
Uravakonda,Sri Sai Residency
Uravakonda,Raja Deluxe Lodge
Uravakonda,Hotel Shree Ram
Uravakonda,Naveen Residency
Uravakonda,Hotel SSS Residency
Uravakonda,Ananya Residency
Uravakonda,Raghavendra Lodge
Uravakonda,Ganesh Lodge
Uravakonda,Royal Deluxe Lodge
Uravakonda,Bhavana Residency
Vinukonda,Hotel VSR Residency
Vinukonda,Sri Balaji Lodge
Vinukonda,Annapurna Lodge
Vinukonda,Hotel Varalakshmi Residency
Vinukonda,Sri Krishna Lodge
Vinukonda,Sri Sai Lodge
Vinukonda,Sri Durga Residency
Vinukonda,Sri Lakshmi Narayana Residency
Vinukonda,Sri Venkateswara Residency
Vinukonda,Sai Balaji Lodge
Nidadavole,Hotel Sri Sai Residency
Nidadavole,Sri Lakshmi Narayana Lodge
Nidadavole,Sri Krishna Residency
Nidadavole,Haritha Hotel
Nidadavole,Sri Durga Residency
Nidadavole,Sri Venkateswara Residency
Nidadavole,Hotel Annapurna
Nidadavole,Sri Nandini Residency
Nidadavole,Hotel Sai Krishna Residency
Nidadavole,Sri Krishna Lodge
Nuzvid,Hotel Sri Sai Residency
Nuzvid,Sri Krishna Residency
Nuzvid,Sri Lakshmi Narayana Lodge
Nuzvid,Haritha Hotel
Nuzvid,Sri Durga Residency
Nuzvid,Sri Venkateswara Residency
Nuzvid,Sri Nandini Residency
Nuzvid,Hotel Annapurna
Nuzvid,Hotel Sai Krishna Residency
Nuzvid,Sri Krishna Lodge
Ongole,Hotel Central Park
Ongole,Vijaya Durga Residency
Ongole,Haritha Hotel
Ongole,Hotel Apsara
Ongole,Swagat Lodge
Ongole,Sri Sai Residency
Ongole,Sri Lakshmi Narayana Lodge
Ongole,Hotel RRR Residency
Ongole,Sri Krishna Residency
Ongole,Hotel Adithya
Palakollu,Sri Krishna Residency
Palakollu,Sri Lakshmi Narayana Lodge
Palakollu,Haritha Hotel
Palakollu,Hotel Minerva
Palakollu,Sri Sai Residency
Palakollu,Hotel Sarovar
Palakollu,Hotel Subramaniyam
Palakollu,Swagat Lodge
Palakollu,Hotel Annapurna
Palakollu,Hotel Grand Palace
Palasa,Sri Krishna Residency
Palasa,Hotel Surya Palace
Palasa,Sri Lakshmi Narayana Lodge
Palasa,Haritha Hotel
Palasa,Sri Sai Residency
Palasa,Hotel Golden Inn
Palasa,Hotel Sea Breeze
Palasa,Swagat Lodge
Palasa,Hotel Annapurna
Palasa,Hotel Royal Plaza
Peddapuram,Hotel Sri Sai Residency
Peddapuram,Sri Krishna Residency
Peddapuram,Sri Lakshmi Narayana Lodge
Peddapuram,Haritha Hotel
Peddapuram,Sri Durga Residency
Peddapuram,Hotel Sarovar
Peddapuram,Hotel Subramaniyam
Peddapuram,Swagat Lodge
Peddapuram,Hotel Annapurna
Peddapuram,Hotel Grand Palace
Pithapuram,Sri Krishna Residency
Pithapuram,Sri Lakshmi Narayana Lodge
Pithapuram,Haritha Hotel
Pithapuram,Sri Sai Residency
Pithapuram,Hotel Subramaniyam
Pithapuram,Swagat Lodge
Pithapuram,Hotel Annapurna
Pithapuram,Hotel Grand Palace
Pithapuram,Hotel Sarovar
Pithapuram,Hotel Rajahamsa
Proddatur,Sri Krishna Residency
Proddatur,Sri Lakshmi Narayana Lodge
Proddatur,Haritha Hotel
Proddatur,Hotel Sai Krishna
Proddatur,Hotel Mourya Inn
Proddatur,Swagat Lodge
Proddatur,Hotel Annapurna
Proddatur,Hotel Sai Residency
Proddatur,Hotel Grand Plaza
Proddatur,Hotel Royal Fort
Punganur,Sri Krishna Residency
Punganur,Sri Lakshmi Narayana Lodge
Punganur,Haritha Hotel
Punganur,Sri Sai Residency
Punganur,Hotel Mourya Inn
Punganur,Hotel Sai Krishna
Punganur,Hotel Subramaniyam
Punganur,Swagat Lodge
Punganur,Hotel Annapurna
Punganur,Hotel Grand Palace
Nidadavole,Hotel Sri Sai Residency
Nidadavole,Sri Lakshmi Narayana Lodge
Nidadavole,Sri Krishna Residency
Nidadavole,Haritha Hotel
Nidadavole,Sri Durga Residency
Nidadavole,Sri Venkateswara Residency
Nidadavole,Hotel Annapurna
Nidadavole,Sri Nandini Residency
Nidadavole,Hotel Sai Krishna Residency
Nidadavole,Sri Krishna Lodge
Nuzvid,Hotel Sri Sai Residency
Nuzvid,Sri Krishna Residency
Mandapeta,Hotel Sri Sai Residency
Mandapeta,Sri Krishna Lodge
Mandapeta,Sri Lakshmi Narayana Residency
Mandapeta,Hotel Annapurna
Mandapeta,Haritha Residency
Mandapeta,Hotel Sai Krishna Residency
Mandapeta,Sri Durga Residency
Mandapeta,Sri Venkateswara Residency
Mandapeta,Sri Nandini Residency
Mandapeta,Hotel Srinivasa Residency
Mangalagiri,Hotel Sankar Residency
Mangalagiri,Sri Sai Lodge
Mangalagiri,Sri Lakshmi Narayana Lodge
Mangalagiri,Haritha Hotel
Mangalagiri,Sri Krishna Residency
Mangalagiri,Sri Durga Residency
Mangalagiri,Sri Venkateswara Residency
Mangalagiri,Annapurna Residency
Mangalagiri,Sri Nandini Residency
Mangalagiri,Sri Sai Krishna Lodge
Markapur,Hotel Sri Sai Residency
Markapur,Sri Lakshmi Narayana Residency
Markapur,Sri Krishna Lodge
Markapur,Haritha Residency
Markapur,Sri Durga Residency
Markapur,Sri Venkateswara Residency
Markapur,Hotel Annapurna
Markapur,Sri Nandini Residency
Markapur,Hotel Sai Krishna Residency
Markapur,Sri Krishna Residency
Nagari,Hotel Balaji Residency
Nagari,Sri Sai Lodge
Nagari,Sri Krishna Residency
Nagari,Haritha Hotel
Nagari,Sri Lakshmi Narayana Residency
Nagari,Hotel Venkateswara Residency
Nagari,Sri Durga Residency
Nagari,Annapurna Residency
Nagari,Sri Sai Krishna Residency
Nagari,Sri Nandini Residency
Nandyala,Sri Sai Residency
Nandyala,Sri Lakshmi Narayana Residency
Nandyala,Sri Krishna Lodge
Nandyala,Haritha Residency
Nandyala,Sri Durga Residency
Nandyala,Sri Venkateswara Residency
Nandyala,Hotel Annapurna
Nandyala,Sri Nandini Residency
Nandyala,Hotel Sai Krishna Residency
Nandyala,Sri Krishna Residency
Narasaraopet,Hotel Sri Sai Residency
Narasaraopet,Sri Lakshmi Narayana Residency
Narasaraopet,Sri Krishna Lodge
Narasaraopet,Haritha Residency
Narasaraopet,Sri Durga Residency
Narasaraopet,Sri Venkateswara Residency
Narasaraopet,Hotel Annapurna
Narasaraopet,Sri Nandini Residency
Narasaraopet,Hotel Sai Krishna Residency
Narasaraopet,Sri Krishna Residency
Narsipatnam,Sri Sai Residency
Narsipatnam,Hotel Krishna Residency
Narsipatnam,Sri Lakshmi Narayana Lodge
Narsipatnam,Hotel Annapurna Residency
Narsipatnam,Haritha Hotel
Narsipatnam,Sri Krishna Lodge
Narsipatnam,Sri Durga Residency
Narsipatnam,Sri Venkateswara Residency
Narsipatnam,Hotel Sai Krishna Residency
Narsipatnam,Sri Nandini Residency
Nellore,Hotel Minerva Grand
Nellore,Hotel Athidhi
Nellore,Hotel Yesh Park
Nellore,Hotel DR Uttam
Nellore,Hotel Shivam International
Nellore,Hotel Leo
Nellore,Sri Durga Residency
Nellore,Haritha Hotel
Nellore,Sri Sai Residency
Nellore,Sri Krishna Lodge
Vizianagaram,Hotel MVR Residency
Vizianagaram,Hotel Vytla Residency
Vizianagaram,Hotel Grand Alliance
Vizianagaram,Sri Srinivasa Lodge
Vizianagaram,Hotel Ashoka
Vizianagaram,Hotel Prasanthi Residency
Vizianagaram,Lakshmi Residency
Vizianagaram,Hotel Mahendra
Vizianagaram,Mayura Residency
Vizianagaram,Hotel Jaya Residency
Kovvur,Hotel Grand Kovvur
Kovvur,Sri Venkateswara Residency
Kovvur,Hotel Lakshmi
Kovvur,Sri Sai Lodge
Kovvur,Nandini Residency
Kovvur,Sai Lakshmi Lodge
Kovvur,Hotel Sri Surya Residency
Kovvur,Ganesh Lodge
Kovvur,Sri Durga Residency
Kovvur,Ravi Teja Lodge
Kurnool,Hotel DVR Mansion
Kurnool,Sri Durga Residency
Kurnool,Hotel Rajavihar
Kurnool,Hotel Suraj Grand
Kurnool,Hotel Mourya Inn
Kurnool,Hotel Trishul Grand
Kurnool,Hotel Athidhi
Kurnool,Haritha Hotel
Kurnool,Hotel New Regency
Kurnool,The Mourya Inn
Macherla,Sri Sai Residency
Macherla,Hotel Lakshmi Residency
Macherla,Hotel Geetha
Macherla,Sri Krishna Lodge
Macherla,Macherla Lodge
Macherla,Haritha Hotel
Macherla,Sri Durga Residency
Macherla,Annapurna Residency
Macherla,Hotel Nandini
Macherla,Rajadhani Lodge
Machilipatnam,Hotel Padmavathi
Machilipatnam,Hotel Koneru
Machilipatnam,Hotel Vasavi Residency
Machilipatnam,Hotel Garuda
Machilipatnam,Hotel Vijaya Residency
Machilipatnam,Haritha Beach Resort
Machilipatnam,Krishna Residency
Machilipatnam,Sri Sai Residency
Machilipatnam,Gowtham Grand Hotel
Machilipatnam,Hotel Lakshmi Residency
Madanapalle,Hotel Balaji Residency
Madanapalle,Sri Sai Residency
Madanapalle,Hotel GVS Residency
Madanapalle,Sri Venkateswara Residency
Madanapalle,Haritha Hotel
Madanapalle,Hotel MNR Grand
Madanapalle,Hotel Athidhi
Madanapalle,Hotel Padmavathi
Madanapalle,Sri Durga Lodge
Madanapalle,Hotel Sai Krishna Residency
